mape_scores_,mape_scores_std,scores_,scores_std,val_scores_,val_scores_std,n_estimators_,n_estimators_std,max_depth
1.1878229084128367,0.0007117925138386066,0.08287715507748246,0.00016455255881202315,0.0831008,2.6346916328099907e-05,2999.4,0.4898979485566356,4
1.1821179664608132,0.003244066031103668,0.08247442798572775,0.00014727840964414812,0.0826982,0.0001672356421340866,2143.2,321.8455530219425,5
1.1766284186604747,0.001101698001029447,0.08213423261649064,0.00016167184599042306,0.0823816,6.457429829274174e-05,1541.2,88.22108591487638,6
1.1725885846425406,0.0007808776982180023,0.0819178712261105,0.000111357908772306,0.08217859999999999,4.547790672403615e-05,1218.2,72.18420879943203,7
1.1706151747526898,0.0006669714649256115,0.08182488231055027,0.00012186751893921861,0.0820864,1.9458674158329783e-05,918.4,32.9460164511584,8
1.1701677842199767,0.0008633590523358078,0.08184292707412141,0.00011238764578275222,0.08206640000000001,2.573402417034495e-05,643.2,34.7643495552556,9
1.1694756142065477,0.0007835394533928459,0.08184138539694027,0.0001326606476720366,0.0820886,2.5484112697914167e-05,489.0,30.417100453527784,10
1.1696352178232172,0.0006203256263537666,0.08190762386163598,0.00011849733286732415,0.0821386,3.117434842943979e-05,380.2,29.942611776530118,11
1.1701551735901747,0.0005228413157661904,0.08199694538602029,0.0001150810602575836,0.08222460000000001,2.7339348931532784e-05,313.8,19.507947098554475,12
