mape_scores_,mape_scores_std,scores_,scores_std,val_scores_,val_scores_std,n_estimators_,n_estimators_std,max_depth
1.2062708679936638,0.0027681164320886302,0.08460427113291323,0.0004458205418356701,0.08465166666666668,9.2898989349845e-05,797.0,74.4983221287567,5
1.199961801881881,0.003955155294918367,0.08426928541414354,0.0007169494857410768,0.084347,0.00036615388386123,547.0,95.57196241576293,6
1.1963123489587861,0.0008576346133917542,0.08410086368895626,0.0005172053457216496,0.08429700000000001,2.1181753153753938e-05,417.6666666666667,45.79179936286506,7
1.1949007972520784,0.0011717981850386874,0.08408561361296717,0.0005929908657534557,0.08427633333333334,9.31891743831992e-05,329.0,4.242640687119285,8
1.1936349586977772,0.0010390685539352668,0.08414918363699614,0.0006045376841126487,0.084352,0.00014248040800989584,271.0,35.05234181430203,9
1.1962180122270032,0.000874172832616887,0.08431186402153039,0.0005216361652969128,0.08446566666666666,6.111373731730585e-05,210.33333333333334,6.944222218666553,10
1.199341415812608,0.0028247989002204597,0.0845839633096006,0.0004524522077291264,0.08464133333333333,6.805063474273488e-05,173.33333333333334,51.61610429141493,11
