mape_scores_,mape_scores_std,scores_,scores_std,val_scores_,val_scores_std,n_estimators_,n_estimators_std,max_depth
1.1848137801687397,0.0017081684788618125,0.08311118538157021,0.0002743822202979748,0.08295179999999999,8.652259820416834e-05,1245.8,96.23596001495491,5
1.1772320593381236,0.0015544828975870763,0.0826989145658377,0.00037480861496836103,0.08251820000000001,7.159720664942454e-05,965.0,105.36033409210508,6
1.1736259360829124,0.0015271625613762824,0.08252386450014362,0.0002746622759823446,0.0823182,8.023066745328613e-05,715.0,56.73446924048907,7
1.1715908858671873,0.0022089498998864357,0.08244259200940565,0.00024747657493031424,0.08228179999999999,5.481751544898664e-05,583.0,61.67008999506973,8
1.1714828357050886,0.0010425439155921322,0.0824929407338002,0.0002955411348045646,0.08232379999999999,7.667437642394265e-05,450.6,46.29298002937379,9
1.1725056721324294,0.0016757512852756268,0.08258914153270644,0.0002439898575870167,0.08242659999999999,2.546841180757305e-05,356.4,15.094369811290566,10
1.1741008348774806,0.0016215418010376169,0.08278018375825533,0.0002443967322894135,0.0825912,5.530786562506619e-05,300.6,28.793054718108674,11
1.1767002349229359,0.001441567229219093,0.08297199335507133,0.00025294964762676795,0.0827526,1.8304097901833734e-05,255.6,12.986146464598342,12
